{
  "pages": [
    {
      "id": "rSThcyB",
      "grid": {
        "tiles": [
          {
            "tileType": "INSIGHT",
            "box": {
              "top": 0,
              "left": 0,
              "width": 7,
              "height": 6
            },
            "clickAction": "OPEN_INSIGHT",
            "tileParams": {
              "showXAxis": true,
              "showYAxis": true,
              "showLegend": false,
              "showTooltips": true,
              "autoPlayAnimation": true
            },
            "autoLoad": true,
            "showTitle": "YES",
            "insightId": "KaeqP7Y",
            "insightType": "chart",
            "displayMode": "INSIGHT",
            "resizeImageMode": "FIT_SIZE"
          }
        ]
      },
      "showTitle": false
    }
  ],
  "owner": "jsoler",
  "listed": true,
  "name": "etude_impact\u0027s default dashboard",
  "showGrid": true,
  "versionTag": {
    "versionNumber": 3,
    "lastModifiedBy": {
      "login": "jsoler"
    },
    "lastModifiedOn": 1596706495387
  },
  "creationTag": {
    "versionNumber": 0,
    "lastModifiedBy": {
      "login": "jsoler"
    },
    "lastModifiedOn": 1594911643020
  },
  "tags": [],
  "customFields": {},
  "checklists": {
    "checklists": []
  }
}