{
  "type": "UploadedFiles",
  "managed": false,
  "formatType": "csv",
  "checklists": {
    "checklists": []
  },
  "customMeta": {
    "kv": {}
  },
  "flowOptions": {
    "virtualizable": false,
    "rebuildBehavior": "NORMAL",
    "crossProjectBuildBehavior": "DEFAULT"
  },
  "readWriteOptions": {
    "preserveOrder": false,
    "writeBuckets": 1,
    "forceSingleOutputFile": false,
    "defaultReadOrdering": {
      "enabled": false,
      "rules": []
    }
  },
  "formatParams": {
    "style": "excel",
    "charset": "iso-8859-15",
    "separator": "\t",
    "quoteChar": "\"",
    "escapeChar": "\\",
    "dateSerializationFormat": "ISO",
    "arrayMapFormat": "json",
    "hiveSeparators": [
      "\u0002",
      "\u0003",
      "\u0004",
      "\u0005",
      "\u0006",
      "\u0007",
      "\b"
    ],
    "skipRowsBeforeHeader": 2,
    "parseHeaderRow": true,
    "skipRowsAfterHeader": 0,
    "probableNumberOfRecords": 3,
    "normalizeBooleans": false,
    "normalizeDoubles": true,
    "readAdditionalColumnsBehavior": "INSERT_IN_DATA_WARNING",
    "readMissingColumnsBehavior": "DISCARD_SILENT",
    "readDataTypeMismatchBehavior": "DISCARD_WARNING",
    "writeDataTypeMismatchBehavior": "DISCARD_WARNING",
    "fileReadFailureBehavior": "FAIL",
    "compress": ""
  },
  "partitioning": {
    "ignoreNonMatchingFile": false,
    "considerMissingRequestedPartitionsAsEmpty": false,
    "dimensions": []
  },
  "versionTag": {
    "versionNumber": 1,
    "lastModifiedBy": {
      "login": "jsoler"
    },
    "lastModifiedOn": 1597072720407
  },
  "creationTag": {
    "versionNumber": 0,
    "lastModifiedBy": {
      "login": "jsoler"
    },
    "lastModifiedOn": 1597072720364
  },
  "tags": [],
  "params": {
    "uploadConnection": "Default (in DSS data dir.)",
    "notReadyIfEmpty": false,
    "filesSelectionRules": {
      "mode": "ALL",
      "excludeRules": [],
      "includeRules": [],
      "explicitFiles": []
    }
  },
  "schema": {
    "columns": [
      {
        "name": "outputFilet\u0000\u0000t",
        "type": "string"
      },
      {
        "name": "tagInsidet\u0000\u0000t\u0000\foutputFormatt",
        "type": "string"
      },
      {
        "name": "slashTagst\u0000\u0004modet\u0000\u0005TRAINt\u0000\bxmlInputt\u0000\u0004nullt\u0000\u0004archt\u00000left3words,naacl2003unknowns,unicodeshapes(-1,1)t\u0000\u0014learnClosedClassTagst\u0000\u0005falset\u0000\u000bapproximatet\u0000\u0004-1.0t\u0000\u000everboseResultst\u0000\u0004truet\u0000\fsigmaSquaredt\u0000\u00030.0t\u0000\u0014veryCommonWordThresht\u0000\u0003250t\u0000\fwordFunctiont\u0000\u0000t\u0000\u0004filet\u0000qformat\u003dTSV,wordColumn\u003d1,tagColumn\u003d3,/u/nlp/data/depparser/nn/models-4.0.0/data/clean/fr_gsd-ud-train.conllu.cleant\u0000\u0005debugt\u0000\u0005falset\u0000\u0010possibleTagsOnlyq\u0000~\u0000\u0012t\u0000\u0010minFeatureThresht\u0000\u00012t\u0000\u000fclosedClassTagst\u0000\u0000t\u0000\u000erareWordThresht\u0000\u00015t\u0000\u0004sgmlt\u0000\u0005falset\u0000\u0013outputFormatOptionst\u0000\u0000t\u0000\ftagSeparatort\u0000\u0001_t",
        "type": "string"
      },
      {
        "name": "col_3",
        "type": "string"
      },
      {
        "name": "col_4",
        "type": "string"
      },
      {
        "name": "col_5",
        "type": "string"
      },
      {
        "name": "col_6",
        "type": "string"
      },
      {
        "name": "col_7",
        "type": "string"
      },
      {
        "name": "col_8",
        "type": "string"
      },
      {
        "name": "col_9",
        "type": "string"
      },
      {
        "name": "col_10",
        "type": "string"
      }
    ],
    "userModified": true
  },
  "metrics": {
    "probes": [
      {
        "type": "basic",
        "enabled": true,
        "computeOnBuildMode": "PARTITION",
        "meta": {
          "name": "Basic data",
          "level": 0
        },
        "configuration": {}
      },
      {
        "type": "records",
        "enabled": true,
        "computeOnBuildMode": "NO",
        "meta": {
          "name": "Record count",
          "level": 0
        },
        "configuration": {}
      }
    ],
    "engineConfig": {
      "padRunsWithMetrics": false,
      "hive": {
        "active": true,
        "extraConf": []
      },
      "basic": {},
      "dss": {
        "active": true,
        "selection": {
          "useMemTable": false,
          "filter": {
            "distinct": false,
            "enabled": false
          },
          "partitionSelectionMethod": "ALL",
          "latestPartitionsN": 1,
          "ordering": {
            "enabled": false,
            "rules": []
          },
          "samplingMethod": "FULL",
          "maxRecords": -1,
          "targetRatio": 0.02,
          "withinFirstN": -1,
          "maxReadUncompressedBytes": -1
        }
      },
      "sql": {
        "active": true
      },
      "impala": {
        "active": true
      },
      "spark": {
        "active": true,
        "extraConf": []
      },
      "python": {}
    },
    "displayedState": {
      "columns": [],
      "metrics": [
        "basic:COUNT_COLUMNS",
        "basic:COUNT_FILES",
        "basic:SIZE",
        "records:COUNT_RECORDS"
      ]
    }
  },
  "metricsChecks": {
    "runOnBuild": false,
    "checks": [],
    "displayedState": {
      "checks": []
    }
  },
  "customFields": {}
}