{
  "type": "join",
  "neverRecomputeExistingPartitions": false,
  "optionalDependencies": false,
  "customMeta": {
    "kv": {}
  },
  "redispatchPartitioning": false,
  "maxRunningActivities": 0,
  "inputs": {
    "main": {
      "items": [
        {
          "ref": "similarite_etudes",
          "deps": []
        },
        {
          "ref": "etude_avis_geo_prepared",
          "deps": []
        }
      ]
    }
  },
  "outputs": {
    "main": {
      "items": [
        {
          "ref": "similarite_etudes_joined",
          "appendMode": false
        }
      ]
    }
  },
  "versionTag": {
    "versionNumber": 3,
    "lastModifiedBy": {
      "login": "jsoler"
    },
    "lastModifiedOn": 1597054422535
  },
  "creationTag": {
    "versionNumber": 0,
    "lastModifiedBy": {
      "login": "jsoler"
    },
    "lastModifiedOn": 1595329283902
  },
  "tags": [
    "master-branch"
  ],
  "customFields": {},
  "checklists": {
    "checklists": []
  }
}