{
  "type": "python",
  "neverRecomputeExistingPartitions": false,
  "optionalDependencies": false,
  "params": {
    "envSelection": {
      "envMode": "EXPLICIT_ENV",
      "envName": "envData_python36"
    },
    "containerSelection": {
      "containerMode": "INHERIT"
    },
    "skipPrerunValidate": false
  },
  "customMeta": {
    "kv": {}
  },
  "redispatchPartitioning": false,
  "maxRunningActivities": 0,
  "inputs": {
    "main": {
      "items": [
        {
          "ref": "new_etude_dataset_cleaned_prepared",
          "deps": []
        },
        {
          "ref": "etudes_dataset_cleaned_prepared",
          "deps": []
        }
      ]
    }
  },
  "outputs": {
    "main": {
      "items": [
        {
          "ref": "similarite_etudes",
          "appendMode": false
        }
      ]
    }
  },
  "versionTag": {
    "versionNumber": 31,
    "lastModifiedBy": {
      "login": "jsoler"
    },
    "lastModifiedOn": 1597054422543
  },
  "creationTag": {
    "versionNumber": 0,
    "lastModifiedBy": {
      "login": "jsoler"
    },
    "lastModifiedOn": 1595324534502
  },
  "tags": [
    "master-branch"
  ],
  "customFields": {},
  "checklists": {
    "checklists": []
  }
}