{
  "type": "sort",
  "neverRecomputeExistingPartitions": false,
  "optionalDependencies": false,
  "customMeta": {
    "kv": {}
  },
  "redispatchPartitioning": false,
  "maxRunningActivities": 0,
  "inputs": {
    "main": {
      "items": [
        {
          "ref": "similarite_etudes_normalized",
          "deps": []
        }
      ]
    }
  },
  "outputs": {
    "main": {
      "items": [
        {
          "ref": "similarite_etudes_normalized_sorted",
          "appendMode": false
        }
      ]
    }
  },
  "versionTag": {
    "versionNumber": 2,
    "lastModifiedBy": {
      "login": "jsoler"
    },
    "lastModifiedOn": 1597054422516
  },
  "creationTag": {
    "versionNumber": 0,
    "lastModifiedBy": {
      "login": "jsoler"
    },
    "lastModifiedOn": 1596619002046
  },
  "tags": [
    "master-branch"
  ],
  "customFields": {},
  "checklists": {
    "checklists": []
  }
}