{
  "type": "python",
  "neverRecomputeExistingPartitions": false,
  "optionalDependencies": false,
  "params": {
    "envSelection": {
      "envMode": "EXPLICIT_ENV",
      "envName": "envData_python36"
    },
    "containerSelection": {
      "containerMode": "INHERIT"
    },
    "skipPrerunValidate": false
  },
  "customMeta": {
    "kv": {}
  },
  "redispatchPartitioning": false,
  "maxRunningActivities": 0,
  "inputs": {
    "main": {
      "items": [
        {
          "ref": "new_etude_dataset",
          "deps": []
        }
      ]
    }
  },
  "outputs": {
    "main": {
      "items": [
        {
          "ref": "new_etude_dataset_cleaned",
          "appendMode": false
        }
      ]
    }
  },
  "versionTag": {
    "versionNumber": 38,
    "lastModifiedBy": {
      "login": "jsoler"
    },
    "lastModifiedOn": 1597054422581
  },
  "creationTag": {
    "versionNumber": 0,
    "lastModifiedBy": {
      "login": "jsoler"
    },
    "lastModifiedOn": 1595244994928
  },
  "shortDesc": "Cleaning text : lowercase; no accent; no special character; no number",
  "tags": [
    "cleaning-text",
    "master-branch"
  ],
  "customFields": {},
  "checklists": {
    "checklists": []
  }
}